tweetDate,content,twitterProfile,tweetUrl,timestamp,query,parsed_tweetDate,date_only
Fri Jan 29 11:46:33 +0000 2021,"""غيري كثير انقتلو"" ليان فتاة أردنية عشرينية هربت لتركيا بعد تهديد أهلها لها بالقتل وتحرش أخويها بها وحرمانها من الدراسة وممارسة أنواع العنف الأسري عليها بعد #بنت_مستشفى_الجامعة و #سيدة_ماركا_وجنينها و #فتاة_الأغوار و #صرخات_احلام  متى سنتمكن من حماية النساء من العنف؟ #ساعدوا_ليان https://t.co/CAz0FnBVHA",https://twitter.com/mykali_mag,https://twitter.com/mykali_mag/status/1355120143001673730,2025-04-08T12:22:20.852Z,#صرخات_احلام,2021-01-29 11:46:33+00:00,2021-01-29
Fri Jun 25 03:20:56 +0000 2021,#صرخات_احلام https://t.co/VeKnddDhPY,https://twitter.com/Dhawxa,https://twitter.com/Dhawxa/status/1408263916535390209,2025-04-08T12:22:20.852Z,#صرخات_احلام,2021-06-25 03:20:56+00:00,2021-06-25
Fri Jul 24 11:33:55 +0000 2020,"#تفاعلكم :

هل القوانين كافية لمنع تعنيف المرأة؟ 

د. عصمت حوسو تجيب..

#صرخات_أحلام
#صرخات_الاردنيات 

👇👇👇👇

https://t.co/5Gtio7JHvY https://t.co/IHSgiRhq6y",https://twitter.com/tafa3olcom,https://twitter.com/tafa3olcom/status/1286625656294576132,2025-04-08T12:22:20.852Z,#صرخات_احلام,2020-07-24 11:33:55+00:00,2020-07-24
Wed Jul 22 18:18:28 +0000 2020,شكراً لكن بحجم عددكن/م! شكراً لنشميات اردننا على تلبية نداء (صراخ) احلام. صرخة العنف، صرخة نداء النجاة، صرخة الهم والغم، صرخة ورا صرخة. #صرخات_الاردنيات #صرخات_احلام https://t.co/eIyCpdYcf4,https://twitter.com/LGBTJordan,https://twitter.com/LGBTJordan/status/1286002687084036100,2025-04-08T12:22:20.852Z,#صرخات_احلام,2020-07-22 18:18:28+00:00,2020-07-22
Thu Jul 23 12:07:13 +0000 2020,"ثريد بكامل الصور لوقفة البارحة 
#صرخات_الاردنيات 
#صرخات_احلام https://t.co/UQr4sfNTrV",https://twitter.com/jor_noob,https://twitter.com/jor_noob/status/1286271646916108294,2025-04-08T12:22:20.852Z,#صرخات_احلام,2020-07-23 12:07:13+00:00,2020-07-23
Thu Jul 23 12:00:21 +0000 2020,"صور من وقفة البارحة 
رفعتوا راسنا ❤️❤️
#صرخات_الاردنيات 
#صرخات_احلام https://t.co/aQdCphTr1w",https://twitter.com/jor_noob,https://twitter.com/jor_noob/status/1286269919391358983,2025-04-08T12:22:20.852Z,#صرخات_احلام,2020-07-23 12:00:21+00:00,2020-07-23
Sat Jul 25 19:16:56 +0000 2020,"#بكسر_التاء -الفهم الخاطئ للتشريعات القانونية والدينية يكرّس انتشار #جرائم_قتل_النساء وإفلات المجرمين من العقاب.
شاهدوا الحلقة كاملة على يوتيوب: https://t.co/NvvxyneWIR
#صرخات_احلام
@LawyerAbrar https://t.co/DwJOjIqobc",https://twitter.com/bekasrtaa,https://twitter.com/bekasrtaa/status/1287104567826669570,2025-04-08T12:22:20.852Z,#صرخات_احلام,2020-07-25 19:16:56+00:00,2020-07-25
Wed Oct 14 15:35:28 +0000 2020,"Humans without humanity 💔

#جريمة_الزرقاء #صرخات_احلام https://t.co/laVlSXBDZn",https://twitter.com/jernosss,https://twitter.com/jernosss/status/1316402248143056908,2025-04-08T12:22:20.852Z,#صرخات_احلام,2020-10-14 15:35:28+00:00,2020-10-14
Fri Jul 24 08:31:44 +0000 2020,".....

#صرخات_أحلام 
#جرائم_اللاشرف
#العدالة_لأحلام https://t.co/DtTcOdeHVg",https://twitter.com/saraqaed,https://twitter.com/saraqaed/status/1286579807522902016,2025-04-08T12:22:20.852Z,#صرخات_احلام,2020-07-24 08:31:44+00:00,2020-07-24
Thu Jul 23 17:03:18 +0000 2020,"#تفاعلكم | صرخات أحلام تهز نساء #الأردن 
#صرخات_أحلام #صرخات_الأردنيات https://t.co/gCy6FcXbRd",https://twitter.com/tafa3olcom,https://twitter.com/tafa3olcom/status/1286346161813585920,2025-04-08T12:22:20.852Z,#صرخات_احلام,2020-07-23 17:03:18+00:00,2020-07-23
Sun Jul 19 01:10:43 +0000 2020,"يتوجب على كل من يبارك القتل المنهجي للفتيات بحجة الشرف ..أن يغسل عار تخلفه...
آلاف الأرواح تُزهق سنوياً بتهمة “الشرف”، في حين أنّ 90 في المئة من ضحايا هذه الجرائم عذراوات.

#صرخات_احلام",https://twitter.com/OlaAlfares,https://twitter.com/OlaAlfares/status/1284656883505274881,2025-04-08T12:22:20.852Z,#صرخات_احلام,2020-07-19 01:10:43+00:00,2020-07-19
Wed Jul 29 09:46:59 +0000 2020,"#صرخات_الاردنيات
#صرخات_احلام https://t.co/REA4PEQtN8",https://twitter.com/WoLetters,https://twitter.com/WoLetters/status/1288410686952034304,2025-04-08T12:22:20.852Z,#صرخات_احلام,2020-07-29 09:46:59+00:00,2020-07-29
Tue Jul 28 06:11:15 +0000 2020,"#صرخات_احلام 
#صرخات_الاردنيات https://t.co/hunJOOs6zU",https://twitter.com/WoLetters,https://twitter.com/WoLetters/status/1287994006513885189,2025-04-08T12:22:20.852Z,#صرخات_احلام,2020-07-28 06:11:15+00:00,2020-07-28
Wed Jul 29 12:05:47 +0000 2020,"من البلاد التي اعتلت صرخات نسائها مؤخراً، كان الأردن، مع جريمة مقتل أحلام على يد والدها، والتي أخرجت من جديد النساء والنسويات/ين إلى الشوارع لإطلاق صرخاتهن. لهذا، سنخصص هذه الحلقة للحديث عن الأردن، وعن بلاد كثيرة توجعنا وتغضبنا.
مع @Jafrasha @AbirGhattas @reem76539 
#صرخات_احلام https://t.co/9R4sIAVa13",https://twitter.com/hammamradio,https://twitter.com/hammamradio/status/1288445615156928512,2025-04-08T12:22:20.852Z,#صرخات_احلام,2020-07-29 12:05:47+00:00,2020-07-29
Sun Jul 19 09:29:53 +0000 2020,"بأي ذنب قتلت؟؟
أحلام شابة أربعينية قتلها والدها بوحشية بلبنة بناء على رأسها عدة مرات حتى انقطعت أنفاسها، ثم أشعل سيجارته واحتسى الشاي بجانب جثتها.
هذه الحادثة أغضبت الشارع الأردني متسائلين ما الذنب الذي اقترفته أحلام لتُقتل بكل وحشية من أقرب الأشخاص لها !!

 #صرخات_احلام https://t.co/ANLZgtidp8",https://twitter.com/Kharabeesh,https://twitter.com/Kharabeesh/status/1284782501135818752,2025-04-08T12:22:20.852Z,#صرخات_احلام,2020-07-19 09:29:53+00:00,2020-07-19
Fri Oct 30 20:54:55 +0000 2020,"لا تقدميّة دون إقرار المساواة الدستوريّة و القانونيّة للمرأة. 

#صوت_للتقدمية  #التقدمية_الى_البرلمان 
#التقدمية_صوت_النساء_الحر #جريمة_صافوط
#صرخات_أحلام #طالعات_الأردن #مش_سبب
#تتحرشش #افضح_المتحرش #لا_شرف_بالجريمة
#طفح_الكيل #لا_لأغلاق_الحضانات
#لأنها_تستطيع #لأن_الاردن_يستحق https://t.co/GSG0U89l7s",https://twitter.com/taqdumia2020,https://twitter.com/taqdumia2020/status/1322280847832174597,2025-04-08T12:22:20.852Z,#صرخات_احلام,2020-10-30 20:54:55+00:00,2020-10-30
Mon Aug 10 13:50:09 +0000 2020,"من مبارح و ما بدي أشوف فيديو المعلمة بس ما ضل حدا غير نشره
كبنت بلحظة ممكن مع الانفعال أتجمد و ما أكسر إيديه
إنه مش زلمة ولا بني آدم متفقين عليها
بس عدم وجود رد فعل من الي حواليها ذكرني ب #صرخات_أحلام
رح ناخد الحقوق لما نوقف مع بعض بشكل حقيقي مش بس للمصالح المشتركة!
#مع_المعلم",https://twitter.com/fedaahamdan,https://twitter.com/fedaahamdan/status/1292820533206233090,2025-04-08T12:22:20.852Z,#صرخات_احلام,2020-08-10 13:50:09+00:00,2020-08-10
Wed Jul 22 19:49:30 +0000 2020,"المطالبة بمواجهة العنف ليست أجندة خارجية

#صرخات_الأردنيات
#صرخات_أحلام  
#أوقفوا_قتل_النساء https://t.co/VEdXXoYXIp",https://twitter.com/Raseef22,https://twitter.com/Raseef22/status/1286025599140716549,2025-04-08T12:22:20.852Z,#صرخات_احلام,2020-07-22 19:49:30+00:00,2020-07-22
Wed Jul 22 20:03:57 +0000 2020,"لما بتمشو ورا هيك ناس وبتسلموها الراية وتهتفو وراها لا تلومو رفض المجتمع لكم قبل ما يسمع شو بتحكو وشو بدكم 

#صرخات_احلام #الأردن https://t.co/6Cbi9Dg2aw",https://twitter.com/AjloniSultan,https://twitter.com/AjloniSultan/status/1286029236663394304,2025-04-08T12:22:20.852Z,#صرخات_احلام,2020-07-22 20:03:57+00:00,2020-07-22
Wed Jan 27 18:48:11 +0000 2021,"#بنت_مستشفى_الجامعة
#سيدة_ماركا_وجنينها
#قانون_أردني_رادع
#لا_لاسقاط_الحق_الشخصي
#تشريع_قانون_للعنف_الأسري
#صرخات_أحلام
#اسراء_غريب
#نطالب_بإعدام_قاتل_أخته https://t.co/Q4jbksGTND",https://twitter.com/Lin244,https://twitter.com/Lin244/status/1354501472982093827,2025-04-08T12:22:20.852Z,#صرخات_احلام,2021-01-27 18:48:11+00:00,2021-01-27
Thu Jul 23 12:00:39 +0000 2020,"صور من وقفة البارحة 
رفعتوا راسنا ❤️❤️
#صرخات_الاردنيات 
#صرخات_احلام https://t.co/IxI3rmZwDL",https://twitter.com/jor_noob,https://twitter.com/jor_noob/status/1286269997451554816,2025-04-08T12:22:23.681Z,#صرخات_احلام,2020-07-23 12:00:39+00:00,2020-07-23
Thu Jul 23 15:27:45 +0000 2020,"الفكر الذكوري يعدم الانسانية عند الشخص .. تخيلوا اشوف مجموعة ناس ماعندهم اكل و اجي بأكلي اكل قدامهم واضحك عليهم؟ 🙄

#صرخات_اردنيات
#صرخات_احلام",https://twitter.com/Eenergy85Free,https://twitter.com/Eenergy85Free/status/1286322112911867904,2025-04-08T12:22:23.681Z,#صرخات_احلام,2020-07-23 15:27:45+00:00,2020-07-23
Wed Jul 29 09:46:03 +0000 2020,"#صرخات_احلام 
#صرخات_الاردنيات 
#صرخات_النساء https://t.co/JldVlRBQj6",https://twitter.com/WoLetters,https://twitter.com/WoLetters/status/1288410451269824513,2025-04-08T12:22:23.681Z,#صرخات_احلام,2020-07-29 09:46:03+00:00,2020-07-29
Thu Jul 23 12:52:25 +0000 2020,"#صرخات_الاردنيات 
#صرخات_احلام 
#صرخات_النساء https://t.co/JXG4WwDrdJ",https://twitter.com/WoLetters,https://twitter.com/WoLetters/status/1286283022157873153,2025-04-08T12:22:23.681Z,#صرخات_احلام,2020-07-23 12:52:25+00:00,2020-07-23
Sat Jul 25 16:26:03 +0000 2020,"#صرخات_احلام 
#صرخات_الاردنيات 
#صرخات_النساء https://t.co/gMnEIGIQP6",https://twitter.com/WoLetters,https://twitter.com/WoLetters/status/1287061561174102016,2025-04-08T12:22:23.681Z,#صرخات_احلام,2020-07-25 16:26:03+00:00,2020-07-25
Fri Oct 30 20:57:05 +0000 2020,"لا تقدميّة دون إقرار المساواة الدستوريّة و القانونيّة للمرأة. 

#صوت_للتقدمية  #التقدمية_الى_البرلمان 
#التقدمية_صوت_النساء_الحر #جريمة_صافوط
#صرخات_أحلام #طالعات_الأردن #مش_سبب
#تتحرشش #افضح_المتحرش #لا_شرف_بالجريمة
#طفح_الكيل #لا_لأغلاق_الحضانات
#لأنها_تستطيع #لأن_الاردن_يستحق https://t.co/DdeLmG9kDV",https://twitter.com/wihdayouth,https://twitter.com/wihdayouth/status/1322281392789770248,2025-04-08T12:22:23.681Z,#صرخات_احلام,2020-10-30 20:57:05+00:00,2020-10-30
Mon Jul 27 05:52:47 +0000 2020,"#صرخات_احلام 
#صرخات_الاردنيات 
#صرخات_اردنيات https://t.co/E1wr8NKzp6",https://twitter.com/WoLetters,https://twitter.com/WoLetters/status/1287626969618755585,2025-04-08T12:22:23.681Z,#صرخات_احلام,2020-07-27 05:52:47+00:00,2020-07-27
Fri Jul 31 19:59:03 +0000 2020,"اليس من السخرية ان نكون في مجتمع يحتفل بعيد الاضحى المبارك و نحن نضحي في بناتنا و اخواتنا تحت مسمى ""الشرف"" و ""العادات و التقاليد"". ربنا امر الانبياء بعدم التضحية و القتل و احنا بررنا لانفسنا.. #اضحى_مبارك #صرخات_احلام",https://twitter.com/HameedAyoub,https://twitter.com/HameedAyoub/status/1289289493070061568,2025-04-08T12:22:23.681Z,#صرخات_احلام,2020-07-31 19:59:03+00:00,2020-07-31
Thu Jul 15 08:02:42 +0000 2021,"لكل لوحة قصة ولكل لوحة قضية 
فمن فينا المقتول ومنا فينا الضحية

من اخر المشاريع الجامعية ، توضح الأعمال الوضع الراهن في المجتمعات العربية بالرغم من التقدم الذي نعيشه اليوم إلا إنا لا زلنا نعاني من جرائم قتل تحت اسم ""قضية شرف"" 
#صرخات_أحلام #هاجر_العاصي #إسراء_غريب #سميحة_الاسدي https://t.co/2CylEJA3yc",https://twitter.com/zhraadam,https://twitter.com/zhraadam/status/1415582581941280770,2025-04-08T12:22:23.681Z,#صرخات_احلام,2021-07-15 08:02:42+00:00,2021-07-15
Wed Jul 22 20:05:13 +0000 2020,"#تفاعلكم :

د. عصمت حوسو : #صرخات_أحلام هي صرخات كل أمرأة معنفة ونحتاج لبناء وعي جديد 

👇👇👇👇

https://t.co/5Gtio7JHvY https://t.co/JRFpHWBHgU",https://twitter.com/tafa3olcom,https://twitter.com/tafa3olcom/status/1286029552423141378,2025-04-08T12:22:23.682Z,#صرخات_احلام,2020-07-22 20:05:13+00:00,2020-07-22
Wed Jul 22 20:18:54 +0000 2020,"So proud of you ❤️
#صرخات_الاردنيات
#صرخات_احلام
#أوقفوا_قتل_النساء
#وقفة_للنساء https://t.co/JGpWGct9iK",https://twitter.com/rula_ashqr,https://twitter.com/rula_ashqr/status/1286032998274609157,2025-04-08T12:22:23.682Z,#صرخات_احلام,2020-07-22 20:18:54+00:00,2020-07-22
Wed Jul 22 18:42:14 +0000 2020,"Around 1,000 people gathered outside of #Amman parliament today to ask for greater protections for women after another honour killing last week #Ahlam #صرخات_احلام https://t.co/l53sHRlBzK",https://twitter.com/melissa_pawson,https://twitter.com/melissa_pawson/status/1286008669205913602,2025-04-08T12:22:23.682Z,#صرخات_احلام,2020-07-22 18:42:14+00:00,2020-07-22
Thu Jul 23 23:53:00 +0000 2020,#صرخات_الأردنيات.. حملة إلكترونية توثق عشرات الجرائم بحق النساء في الأردن بدعوى الشرف بعد مقتل سيدة على يد والدها وشن حملة #صرخات_أحلام، فلماذا تصرخ الأردنيات؟ https://t.co/fyiXscpaPx,https://twitter.com/TRTArabi,https://twitter.com/TRTArabi/status/1286449263904346112,2025-04-08T12:22:23.682Z,#صرخات_احلام,2020-07-23 23:53:00+00:00,2020-07-23
Tue Aug 11 23:39:26 +0000 2020,"خلص هيك نستنا قصه جديده لتطلع؟

لم يستوصوا بِهن خيرًا يارسول الله
كسروا القوارير والافئده...
 #صرخات_احلام",https://twitter.com/RuwaaShouli,https://twitter.com/RuwaaShouli/status/1293331221016174592,2025-04-08T12:22:23.682Z,#صرخات_احلام,2020-08-11 23:39:26+00:00,2020-08-11
Thu Jul 23 19:31:32 +0000 2020,"#صرخات_أحلام.. مظاهرة نسوية أمام برلمان الأردن تنديدا بالعنف ضد المرأة
#منصات
#شاهد_سكاي https://t.co/bhMAUReqo3",https://twitter.com/skynewsarabia,https://twitter.com/skynewsarabia/status/1286383465693315077,2025-04-08T12:22:23.682Z,#صرخات_احلام,2020-07-23 19:31:32+00:00,2020-07-23
Wed Aug 05 00:03:33 +0000 2020,ونسيناها متل ما نسينا الي قبلها💔 #صرخات_احلام,https://twitter.com/RuwaaShouli,https://twitter.com/RuwaaShouli/status/1290800575437840384,2025-04-08T12:22:23.682Z,#صرخات_احلام,2020-08-05 00:03:33+00:00,2020-08-05
Fri Jul 24 10:00:01 +0000 2020,"#صرخات_احلام 
#صرخات_اردنيات 
#صرخات_النساء https://t.co/vQ4pm6xJ2j",https://twitter.com/WoLetters,https://twitter.com/WoLetters/status/1286602023664852992,2025-04-08T12:22:23.682Z,#صرخات_احلام,2020-07-24 10:00:01+00:00,2020-07-24
Thu Jul 23 12:44:12 +0000 2020,حراك نسوي مؤثر في الأردن تحت شعار #صرخات_احلام ، #صرخات_الاردنيات https://t.co/9DqUEKhCrC,https://twitter.com/nu22a,https://twitter.com/nu22a/status/1286280956693884929,2025-04-08T12:22:23.682Z,#صرخات_احلام,2020-07-23 12:44:12+00:00,2020-07-23
Wed Jul 29 14:04:26 +0000 2020,"الجمعة الساعة 4و10 دقائق بعد الظهر بتوقيت #عمّان على @France24_ar حلقة جديدة من برنامج #هي_الحدث على خلفية جريمة قتل الشابة الأردنية أحلام 
#صرخات_احلام 
#صرخة_احلام 
#الأردن 
#هي24
@ThameenKh 
@SocietyF24 https://t.co/nx5RzMws9D",https://twitter.com/mayssalounF24,https://twitter.com/mayssalounF24/status/1288475472930709510,2025-04-08T12:22:23.682Z,#صرخات_احلام,2020-07-29 14:04:26+00:00,2020-07-29
Fri Jul 24 18:50:51 +0000 2020,"#بكسر_التاء - على الرغم من وجود قوانين تناصر #المرأة، إلا أنّ #جرائم_قتل_النساء مازالت في ارتفاع مستمر بسبب الثقافة المبررة لهذه الجرائم.
شاهدوا الحلقة كاملة على يوتيوب: https://t.co/GWyV783gTS 
@AlyaAwada

#صرخات_احلام
#صرخات_الاردنيات https://t.co/XJpOc4k6Mu",https://twitter.com/bekasrtaa,https://twitter.com/bekasrtaa/status/1286735614445006849,2025-04-08T12:22:23.682Z,#صرخات_احلام,2020-07-24 18:50:51+00:00,2020-07-24
Sat Aug 01 06:26:40 +0000 2020,"لقد أذّن الوقت، لِـ أنْ تتبدّل صيغة الخطاب .

منذ عقود والمنابر على تعددها واشكالها، تخاطب النساء
وتستثني الرجل!

بل وتعتبرهُ ضحيّة الغواية!

(احمي بنتك) ليست الصح النهائي!
والصواب : علّم ولدك .

#صرخات_النساء
#صرخات_أحلام https://t.co/vbxA23AIgI",https://twitter.com/Rema7_K,https://twitter.com/Rema7_K/status/1289447438642581504,2025-04-08T12:22:26.212Z,#صرخات_احلام,2020-08-01 06:26:40+00:00,2020-08-01
Thu Jul 23 11:58:16 +0000 2020,"صور من وقفة البارحة 
رفعتوا راسنا ❤️❤️
#صرخات_الاردنيات 
#صرخات_احلام https://t.co/qV6NfIQAJU",https://twitter.com/jor_noob,https://twitter.com/jor_noob/status/1286269398026801154,2025-04-08T12:22:26.212Z,#صرخات_احلام,2020-07-23 11:58:16+00:00,2020-07-23
Thu Jul 23 07:06:34 +0000 2020,"الإنسانية بحاجة إلى ثورة !
#صرخات_احلام
#صرخات_النساء
#تشريع_قانون_العنف_الاسري https://t.co/9lb9zk6xJp",https://twitter.com/vianalihussein,https://twitter.com/vianalihussein/status/1286195987267166208,2025-04-08T12:22:26.212Z,#صرخات_احلام,2020-07-23 07:06:34+00:00,2020-07-23
Tue Jul 21 06:10:56 +0000 2020,#صرخات_احلام #صرخة_احلام #صرخات_أحلام #اوقفوا_قتل_النساء #StopKillingWomen https://t.co/j6XyWLv9oa,https://twitter.com/nasserbinnasser,https://twitter.com/nasserbinnasser/status/1285457213142728706,2025-04-08T12:22:26.212Z,#صرخات_احلام,2020-07-21 06:10:56+00:00,2020-07-21
Thu Jul 23 16:45:00 +0000 2020,#صرخات_الأردنيات .. حملة إلكترونية توثق عشرات الجرائم بحق النساء في الأردن بدعوى الشرف بعد مقتل سيدة على يد والدها وشن حملة #صرخات_أحلام، فلماذا تصرخ الأردنيات؟ https://t.co/UhSBljIZWm,https://twitter.com/TRTArabi,https://twitter.com/TRTArabi/status/1286341554249105408,2025-04-08T12:22:26.212Z,#صرخات_احلام,2020-07-23 16:45:00+00:00,2020-07-23
Wed Jul 22 20:26:56 +0000 2020,"Some signs from today's stand outside the #Jordanian parliament calling for measures to end violence and discrimination against women. 
 ""لا يوجد وطن حر بدون نساء حرة"" #صرخات_الاردنيات #صرخات_احلام #الأردن_اليوم #الأردن https://t.co/lDLP7w6WYs",https://twitter.com/KarimanMango,https://twitter.com/KarimanMango/status/1286035019690057728,2025-04-08T12:22:26.212Z,#صرخات_احلام,2020-07-22 20:26:56+00:00,2020-07-22
Thu Jul 23 06:56:44 +0000 2020,"لا يمكن تبرير العنف..
لا شرف في جرائم الشرف .. 
أوقفوا قتل النساء ..
وقفتنا اليوم عشان مستقبلنا..
#صرخات_احلام 
#صرخات_الاردنيات https://t.co/cIRRnPSiVf",https://twitter.com/WoLetters,https://twitter.com/WoLetters/status/1286193513173069825,2025-04-08T12:22:26.212Z,#صرخات_احلام,2020-07-23 06:56:44+00:00,2020-07-23
Sat Aug 01 05:56:26 +0000 2020,"قد تشتم الناس أحياناً ، 
مش لأنه فقدت الحُجة ، ولكن لأنه مرارتها فاقعة من الغباء والتكرار 

فبتلاقيهم ممكن يعلقوا أحياناً على أحدهم : خلص ماشي اقلب وجهك انت صح

#صرخات_أحلام
#اوقفوا_قتل_النساء",https://twitter.com/Rema7_K,https://twitter.com/Rema7_K/status/1289439828724023296,2025-04-08T12:22:26.212Z,#صرخات_احلام,2020-08-01 05:56:26+00:00,2020-08-01
Thu Jul 23 15:01:03 +0000 2020,"وقف العنف ضدالمرآة والتعامل معهاعلى انهاكيان كامل له كافةالحقوق والواجبات 
#صرخات_احلام #صرخة_احلام #صرخات_اردنيات #صرخات_النساء #صرخات_الأردنيات #صرخات_أحلام #صرخة_احلام #اوقفوا_قتل_النساء #اوقفو_قتل_النساء #العراق #الأردن #مصر #السعودية #الكويت #الرياض_الان #شي_يحبونه_النساء https://t.co/OvObvw9Vbt",https://twitter.com/Sarah_alsouhail,https://twitter.com/Sarah_alsouhail/status/1286315396589588480,2025-04-08T12:22:26.212Z,#صرخات_احلام,2020-07-23 15:01:03+00:00,2020-07-23
Wed Jul 22 20:10:43 +0000 2020,"برأيي المفروض يجيبو الأب يعدموا بميدان عام و توزيع الشاي على الحضور قبل إعدامه و إجبار إخوانها و عمامها على الحضور ، هيك بصير عبرة لمن لا يعتبر ،مع إلغاء قانون المادة ٥٢ و ٩٨و ٩٩ 
#صرخات_احلام #صرخات_الاردنيات",https://twitter.com/Nadeenmakkawi,https://twitter.com/Nadeenmakkawi/status/1286030938007392259,2025-04-08T12:22:26.212Z,#صرخات_احلام,2020-07-22 20:10:43+00:00,2020-07-22
Wed Jul 22 22:02:26 +0000 2020,"(مَن قَتَلَ نَفْسًا بِغَيْرِ نَفْسٍ أَوْ فَسَادٍ فِي الْأَرْضِ فَكَأَنَّمَا قَتَلَ النَّاسَ جَمِيعًا)
 #صرخات_احلام",https://twitter.com/norena412,https://twitter.com/norena412/status/1286059052615839750,2025-04-08T12:22:26.212Z,#صرخات_احلام,2020-07-22 22:02:26+00:00,2020-07-22
Sat Jul 25 23:41:40 +0000 2020,"حياة كل بنت وكل انثى وكل مرأة في رقابنا 
وعمر الدم مايصير شاهي 
#صرخات_الاردنيات صرختي
#صرخات_النساء صرختي
#صرخات_أحلام صرختي
#صرخات #اسراء_غريب صرختي
دم #سميحة_الاسدي دمي
#اوقفوا_قتل_النساء 
#أوقفوا_جرائم_الشرف",https://twitter.com/nadalahdal,https://twitter.com/nadalahdal/status/1287171186594590723,2025-04-08T12:22:26.212Z,#صرخات_احلام,2020-07-25 23:41:40+00:00,2020-07-25
Thu Jul 23 15:09:23 +0000 2020,"هالغنية من 2012

#صرخات_احلام 

https://t.co/2dN6gFPwJ1",https://twitter.com/AlmaHassoun,https://twitter.com/AlmaHassoun/status/1286317491791298562,2025-04-08T12:22:26.212Z,#صرخات_احلام,2020-07-23 15:09:23+00:00,2020-07-23
Fri Sep 04 18:58:58 +0000 2020,"مش لازم ننسى ولا نسكت عن حقهم . 

#صرخات_احلام 
#إسراء_غريب 
#murderinthenameofhonor #جرائم_الشرف #ضد_القتل",https://twitter.com/Rahafalzoubi00,https://twitter.com/Rahafalzoubi00/status/1301957946948177923,2025-04-08T12:22:26.212Z,#صرخات_احلام,2020-09-04 18:58:58+00:00,2020-09-04
Mon Aug 10 00:10:20 +0000 2020,"قلّك حراك المعلمين #اخوان

و حراك النسويات #سيداو

واي مطالب خارج الحظيرة التي تفرضها الحكومة ""مرتع"" للشعوب سيتم شيطنته واعتباره أجندة قادمة من مثلث برمودا الطابق التاسع قسم ابليس 

#مع_المعلم_مع_النقابة 
#صرخات_احلام 
#مع_المعلم_ضد_العصابة 
#مع_المعلم
#صرخات_الاردنيات",https://twitter.com/Rema7_K,https://twitter.com/Rema7_K/status/1292614222019469312,2025-04-08T12:22:26.212Z,#صرخات_احلام,2020-08-10 00:10:20+00:00,2020-08-10
Thu Jul 30 12:23:04 +0000 2020,"تخيلوا معي أنه في عقاب لكل معنف وأنه الضحية بتوضع بمكان أمن ويحمى حقها بالحياة الكريمة تخيلوا قديه رح تخف نسب العنف الاسري...
تخيلوا معي احلام لما اشتكت توفر الها مكان آمن وتحاسب ابوها ما كنا ودعنا روح جديدة 💔 #صرخات_أحلام

#بنقدر_نغير_القصة",https://twitter.com/da_n_yeah,https://twitter.com/da_n_yeah/status/1288812354340298754,2025-04-08T12:22:26.212Z,#صرخات_احلام,2020-07-30 12:23:04+00:00,2020-07-30
Sun Jul 11 14:32:03 +0000 2021,"مو قادره انسى ابوها وهو يشرب الشاي بجانب جثتها #صرخات_احلام 
اسراء وهي تصرخ من الضرب بسبب خروجها مع خطيبها واتهامها باسم العار #اسراء_غريب 
انقتلت بسبب حريتها وصوره #هديل_الحارثي 

وللاسف الامهات للضحايا تنازلوا عن حقوقهم
ماراح انسى قضايا الشرف في سوريا والعراق والمجتمعات العربيه",https://twitter.com/sa_se187,https://twitter.com/sa_se187/status/1414231012331163656,2025-04-08T12:22:26.212Z,#صرخات_احلام,2021-07-11 14:32:03+00:00,2021-07-11
Wed Jul 22 22:05:50 +0000 2020,"جريمة قتل بتركيا وجريمة قتل بالاردن والتبرير كله ايش؟ غضب الرجال 
ان شاء الله بتشوفون غضب الله عليكم بالدنيا قبل الاخرة و يوم الحساب سيأخذ الله حق الارواح التي ازهقتموها بغير حق 
#صرخات_احلام",https://twitter.com/norena412,https://twitter.com/norena412/status/1286059909797355524,2025-04-08T12:22:26.212Z,#صرخات_احلام,2020-07-22 22:05:50+00:00,2020-07-22
Thu Jul 23 20:11:49 +0000 2020,"مجتمعنا الذكوري طول عمره عايش يمجد العنف الواقع من المرأة على المرأة، لذلك وقفة النساء بجانب بعضهن البعض هو منظر يهدد الذكورية يخيف ويهدد المجتمع الذكوري.
 #صرخات_احلام #صرخات_اردنيات #طفح_الكيل https://t.co/dIBinAjr92",https://twitter.com/HasanAmman,https://twitter.com/HasanAmman/status/1286393604341215232,2025-04-08T12:22:26.212Z,#صرخات_احلام,2020-07-23 20:11:49+00:00,2020-07-23
Sat Jul 25 20:21:22 +0000 2020,"""Honor Killing"" in Jordan - Listen to Viral Video

After yrs of abuse, Ahlam was killed by her dad - she ran from her home mid-beating onto the streets w/ blood all over her, screaming for help

Her dad chased her, beat her to death, then drank tea next to her corpse #صرخات_احلام https://t.co/NnQ64daGv6",https://twitter.com/AmyMek,https://twitter.com/AmyMek/status/1287120780191346689,2025-04-08T12:22:26.212Z,#صرخات_احلام,2020-07-25 20:21:22+00:00,2020-07-25
Thu Jul 23 11:58:47 +0000 2020,"صور من وقفة البارحة 
رفعتوا راسنا ❤️❤️
#صرخات_الاردنيات 
#صرخات_احلام https://t.co/1OKiGGlsvY",https://twitter.com/jor_noob,https://twitter.com/jor_noob/status/1286269528465383426,2025-04-08T12:22:28.839Z,#صرخات_احلام,2020-07-23 11:58:47+00:00,2020-07-23
Sun Aug 23 02:00:59 +0000 2020,"#حداد_شهيدات_الغدر_الذكوري 
#تسقط #الابوية
#صرخات_احلام 
#رشا_بسيس 
#اسراء_غريب 
#إصباح_المهدي
والفائمة تطول 
#قضايا_اللاشرف 
#صرخة_عشتار 
تدوي 
يسقط النظام #الابوي https://t.co/StRRaLUJUE",https://twitter.com/DollySarkasmo,https://twitter.com/DollySarkasmo/status/1297353108935380993,2025-04-08T12:22:28.839Z,#صرخات_احلام,2020-08-23 02:00:59+00:00,2020-08-23
Fri Jan 22 09:28:27 +0000 2021,"#مفقوده_الخرج_قمر
"" لا تقتل النساء من الغرباء، و لا من قطاع الطرق، و لا من اللصوص، إنهن يقتلن من أكثر الناس قرباً، و في أكثر الأماكن إطمئنان للإنسان، يقتلن في غرفهن و منازلهن.""  

#صرخات_احلام https://t.co/EgW4IDWEXy
https://t.co/ahDdXg7czM",https://twitter.com/Alex38376673,https://twitter.com/Alex38376673/status/1352548673851445248,2025-04-08T12:22:28.839Z,#صرخات_احلام,2021-01-22 09:28:27+00:00,2021-01-22
Thu Jul 23 07:09:45 +0000 2020,من تعليقات الفيسبوك حول اعتصام/وقفة #صرخات_الاردنيات #صرخات_احلام https://t.co/UYHVWSc4Ru,https://twitter.com/xHamzaTal,https://twitter.com/xHamzaTal/status/1286196786953158673,2025-04-08T12:22:28.839Z,#صرخات_احلام,2020-07-23 07:09:45+00:00,2020-07-23
Thu Jul 23 01:14:37 +0000 2020,"مايحدث في عالمنا العربي من ظلم للنساء يؤكد بأننا سنبقى دوماً في آخر الصف 
رحم الله روح الضحية أحلام
وتباً وألف تباً لقانون بلادنا الذي لايحمي النساء من الأشرار  #صرخات_احلام",https://twitter.com/barfan90,https://twitter.com/barfan90/status/1286107417605017601,2025-04-08T12:22:28.839Z,#صرخات_احلام,2020-07-23 01:14:37+00:00,2020-07-23
Fri Jul 24 10:34:12 +0000 2020,"سؤال 
لماذا عندما يتحول المسلم إلى المسيحية يلاقي الدعم و الحماية و عندما يحدث العكس يستباح دمه و لا يجد الحماية؟ 
دماءهم في أعناق أولي الأمر...
#صرخات_احلام",https://twitter.com/a_altaleb_74,https://twitter.com/a_altaleb_74/status/1286610627797159937,2025-04-08T12:22:28.839Z,#صرخات_احلام,2020-07-24 10:34:12+00:00,2020-07-24
Wed Jul 22 19:21:04 +0000 2020,Read about it! We need to honor her memory #صرخات_احلام #صرخات_الاردنيات,https://twitter.com/Shogh_Dogh,https://twitter.com/Shogh_Dogh/status/1286018442957656067,2025-04-08T12:22:28.839Z,#صرخات_احلام,2020-07-22 19:21:04+00:00,2020-07-22
Thu Jul 23 12:27:29 +0000 2020,"كانت السيدة فاطمة الزهراء رضي الله عنها تشبه النبي صلى الله عليه وآله وسلم في مشيتها، وكان إذا رآها الحبيب صلوات ربي وسلامه عليه وآله وسلم قادمة عليه هش وفرح وأجلسها في مكانه
وقال #صلى_الله_عليه_وسلم""من رغب  عن سنتي فليس مني
#وطن_يَقرأ_ويُقرأ 
#صرخات_الاردنيات 
#صرخات_احلام",https://twitter.com/ereaqatj5,https://twitter.com/ereaqatj5/status/1286276747831451650,2025-04-08T12:22:28.839Z,#صرخات_احلام,2020-07-23 12:27:29+00:00,2020-07-23
Thu Jul 23 12:53:45 +0000 2020,"علينا ان نكون شديدي الحذر من اليافطات الكبير والشعارات البراقة، لانهم يقصدون حرية للمرأة وفق الشعار واليافطة، انما يريدون حرية الوصول للمرأة
#الأردن #وطن_يَقرأ_ويُقرأ 
#صرخات_الاردنيات 
#صرخات_احلام",https://twitter.com/ereaqatj5,https://twitter.com/ereaqatj5/status/1286283360999006211,2025-04-08T12:22:28.839Z,#صرخات_احلام,2020-07-23 12:53:45+00:00,2020-07-23
Tue Jan 26 23:27:44 +0000 2021,"وَإِذَا الْمَوْءُودَةُ سُئِلَتْ بِأَيِّ ذَنْبٍ قُتِلَتْ 
#صرخات_أحلام 
#بنت_مستشفى_الجامعه
#سيدة_ماركا_وجنينها  
#اسراء_غريب",https://twitter.com/RuwaaShouli,https://twitter.com/RuwaaShouli/status/1354209436177473536,2025-04-08T12:22:28.839Z,#صرخات_احلام,2021-01-26 23:27:44+00:00,2021-01-26
Tue Dec 15 02:46:53 +0000 2020,"""لماذا سميتني أحلام، وأنت الذي دفنت كُلّ أحلامي؟ أم أنك كنت تعلم عندما وهبتني للحياة، أن البقاء فيها كان حلمًا، وأن الموت هو الحقيقة"" #صرخات_احلام",https://twitter.com/halmutairii44,https://twitter.com/halmutairii44/status/1338676875766411264,2025-04-08T12:22:28.840Z,#صرخات_احلام,2020-12-15 02:46:53+00:00,2020-12-15
Thu Jul 23 18:04:08 +0000 2020,"#بكسر_التاء - #جرائم_قتل_النساء لا تحدث فجأة. بل غالباً ما تكون تراكماً لعنف منزلي يُمارس على المرأة بشكل متكرّر.
شاهدوا الحلقة كاملة على يوتيوب: https://t.co/NvvxyneWIR 
#صرخات_احلام
#صرخات_الاردنيات
@Hala_Deeb https://t.co/X2JZ9v9N3D",https://twitter.com/bekasrtaa,https://twitter.com/bekasrtaa/status/1286361471149113345,2025-04-08T12:22:28.840Z,#صرخات_احلام,2020-07-23 18:04:08+00:00,2020-07-23
Thu Jan 21 18:35:37 +0000 2021,الطبيبة التي فقدت حياتها أثناء عملية بعيادة طبية والطالبة الجامعية الغائبة عن الوعي نتيجة #عنف_اسري وغيرهن.واحلام و..... و... و  كلهن. هن ضحايا لماذا؟؟؟؟ والي متى؟؟ #تضامن_النساء #الأردن #abused #بنت_مستشفى_الجامعة #قتل_النساء #صرخات_احلام #صرخات_الاردنيات,https://twitter.com/MajidaHAshour,https://twitter.com/MajidaHAshour/status/1352323986412204037,2025-04-08T12:22:28.840Z,#صرخات_احلام,2021-01-21 18:35:37+00:00,2021-01-21
Tue Aug 18 20:58:48 +0000 2020,حينما تكون مكبل اليدين،،، لاتقدر على شئ تجاهه،،، تلجأ لرب العباد،،،اللهم هون عليه،،،خذ بيديه،،عن كل لحظة ألم،، تردد،، شك بقدراته،،اللهم أرزقه قوةً ليكمل بها رحلته،،خذ بيده في عالم الموجود،، إمنحه الصدارة،،اليقين،، بك يا الله،،تحول ماجمعه العالم من صخور،، طريقاً ممهد #صرخات_احلام,https://twitter.com/albader899,https://twitter.com/albader899/status/1295827510018662401,2025-04-08T12:22:28.840Z,#صرخات_احلام,2020-08-18 20:58:48+00:00,2020-08-18
Mon Dec 14 09:30:56 +0000 2020,"صرخات #اسراء_غريب و #صرخات_أحلام وكل صرخات النساء المغدورات لن تنسى ولن نسمح بأن تنسى، أصواتهن ستبقى تدوي في رؤوس القتلة والمجرمين، أصواتهن عار على كل من تجرد من إنسانيته ويبرر للقتل باسم ""الشرف""",https://twitter.com/osamaessa2,https://twitter.com/osamaessa2/status/1338416171729739778,2025-04-08T12:22:28.840Z,#صرخات_احلام,2020-12-14 09:30:56+00:00,2020-12-14
Thu Jul 23 20:29:37 +0000 2020,"هي من الأصل لا تحب رفع الشعارات، ولا تود أن تطمس هوية أحد، إنما تريد أن تشعر بأنها كائن مكرم حر في اختياراته، كائن محفوظ الهوية عزيز النفس والمكانة، لا تريد أن تشعر أنها مستضعفة في دنياها، وأن أدنى حقوقها في الحياة مستباحة وهذه كل الحكاية . . 

#صرخات_احلام #صرخات_اردنيات #عمان",https://twitter.com/osamashajrawi,https://twitter.com/osamashajrawi/status/1286398081362276353,2025-04-08T12:22:28.840Z,#صرخات_احلام,2020-07-23 20:29:37+00:00,2020-07-23
Thu Jul 23 18:06:53 +0000 2020,#الايمان بقضية ما التعاطف معها ودعمها لا يشترط ان تكون من حملة #جنسيه موطنها ففي #الغرب تخرج الكثير من المظاهرات الداعمه لقضايا مختلفه كالقضية الفلسطينيه مثلا يشارك بها اناس من مختلف الحنسيات وحتى اليهود الذين يختلفون مع سياسة ساستهم #احنبيه #صرخات_احلام https://t.co/dOFCQogiFt,https://twitter.com/OlaAlmasri,https://twitter.com/OlaAlmasri/status/1286362162538196995,2025-04-08T12:22:28.840Z,#صرخات_احلام,2020-07-23 18:06:53+00:00,2020-07-23
Wed Aug 19 15:06:25 +0000 2020,ذو ذنب عظيم من قتل طموح إنسان،،، من كان عائقاً،،،، من وأد الفكرة،،،، وناح عليها،،، من رفع الراية ،،، وأعلن النتيجة،،،، قبل أن تبتدأ #صرخات_احلام,https://twitter.com/albader899,https://twitter.com/albader899/status/1296101218809516038,2025-04-08T12:22:28.840Z,#صرخات_احلام,2020-08-19 15:06:25+00:00,2020-08-19
Tue Jul 28 10:02:24 +0000 2020,ياااا كل النساء... يا كل التحركاااات.. فهموني ليش بعد في ظلم عالنساء!؟؟؟ رغم كل صوتنا وهالاحتجاجات..مافي شي عم يتغيّر،كل يوم كل يوم في جريمة اغتصاب ولاشرف،تحرش،وقتل عادي! مافي محاسبة..انا رح اخوت وكتير مزعوجة! #مادلين_جرابعة #صرخات_احلام #اسراء_غريب,https://twitter.com/the_roula,https://twitter.com/the_roula/status/1288052175122374657,2025-04-08T12:22:28.840Z,#صرخات_احلام,2020-07-28 10:02:24+00:00,2020-07-28
Wed Jul 22 10:18:58 +0000 2020,Call for protest against 'honour killings' in Jordan today outside House of Representatives in Amman-issue has been spotlighted again by latest report of a father killing his daughter as she tried to flee her home - hashtag circulating widely with victim's name Ahlam #صرخات_احلام https://t.co/9J4GIiz5MW,https://twitter.com/sebusher,https://twitter.com/sebusher/status/1285882020921577473,2025-04-08T12:22:28.840Z,#صرخات_احلام,2020-07-22 10:18:58+00:00,2020-07-22
Wed Jul 22 23:02:38 +0000 2020,"hundreds of people gathered in Amman today to protest honor killing and domestic violence, after a father killed his 30-year old daughter last week #صرخات_احلام https://t.co/dpuLR3mOaX",https://twitter.com/zoe_sottile,https://twitter.com/zoe_sottile/status/1286074202001477638,2025-04-08T12:22:31.500Z,#صرخات_احلام,2020-07-22 23:02:38+00:00,2020-07-22
Tue Jul 21 19:33:14 +0000 2020,Read this please #صرخات_الاردنيات #صرخات_احلام https://t.co/CCINNGjyZ4,https://twitter.com/R19675r,https://twitter.com/R19675r/status/1285659115734343680,2025-04-08T12:22:31.500Z,#صرخات_احلام,2020-07-21 19:33:14+00:00,2020-07-21
Wed Jul 22 20:53:19 +0000 2020,"لا يوجد وطن حُر دون نساء حرّة ✌️
#صرخات_أحلام https://t.co/qSOXpK3ick",https://twitter.com/Tarawnehlaraa,https://twitter.com/Tarawnehlaraa/status/1286041659763982337,2025-04-08T12:22:31.500Z,#صرخات_احلام,2020-07-22 20:53:19+00:00,2020-07-22
Thu Jul 23 11:58:31 +0000 2020,"صور من وقفة البارحة 
رفعتوا راسنا ❤️❤️
#صرخات_الاردنيات 
#صرخات_احلام https://t.co/EzAuhpByqa",https://twitter.com/jor_noob,https://twitter.com/jor_noob/status/1286269459007668224,2025-04-08T12:22:31.500Z,#صرخات_احلام,2020-07-23 11:58:31+00:00,2020-07-23
Wed Jul 22 21:49:19 +0000 2020,"الذكورية نظام ممكن تكون تدعميه حتى لو انت انثى .
الذكورية لا تعني الذكور الذكورية النظام القمعي الي بيحط الرجل أعلى من المرأة و القوانين تقف معه في كُل شيئ وهي ظلم للنساء .
سواء انت ذكوري او ذكورية 
لا تنسوا الجرائم و تبرريرها جريمة 
#صرخات_احلام #صرخات_الاردنيات",https://twitter.com/23_ash_,https://twitter.com/23_ash_/status/1286055750658338817,2025-04-08T12:22:31.500Z,#صرخات_احلام,2020-07-22 21:49:19+00:00,2020-07-22
Fri Jul 24 19:58:24 +0000 2020,"كل اللواتي انتقدن واللذين انتقدوا التظاهرة حول مقتل احلام 
واللذين واللواتي ينتقدن اليوم الخطاب النسوي برمته ، بعمري ما شفتهم كاتبين كلمة حول مظلومية النساء .

""الحمدلله الذي جعل قاتلنا ""كافر"" لا يحاججنا عند الله بركعة ركعها اليه ""

 #صرخات_الاردنيات
#صرخات_احلام",https://twitter.com/Rema7_K,https://twitter.com/Rema7_K/status/1286752614697390080,2025-04-08T12:22:31.500Z,#صرخات_احلام,2020-07-24 19:58:24+00:00,2020-07-24
Fri Feb 12 13:59:18 +0000 2021,"#صرخات_أحلام اليوم تشبه صرخات #اسراء_غريب البارحه
تتعدد الضحايا والقاتل واحد ، قاتل يعطي لنفسه حق السلطه على حياة النسوه، حق تسييرها، حق اعطائها وحق سلبها، قاتل ذكوري / وحشي
 أما القاتل الصامت:هو نحن بسكوتنا على جرائم المجتمع بحق نسائه.!
#أسمها_جريمه",https://twitter.com/safwan2shaar,https://twitter.com/safwan2shaar/status/1360226978260013058,2025-04-08T12:22:31.500Z,#صرخات_احلام,2021-02-12 13:59:18+00:00,2021-02-12
Sun Jul 26 22:39:11 +0000 2020,"كأنو موضوع احلام انتسى ؟ وكأنو ولا جهة حكومية طلعت حكت او عملت ردة فعل لهلأ ؟ 
#صرخات_احلام 
#صرخات_اردنيات 
#اوقفوا_قتل_النساء",https://twitter.com/zahadeeler,https://twitter.com/zahadeeler/status/1287517851201527816,2025-04-08T12:22:31.500Z,#صرخات_احلام,2020-07-26 22:39:11+00:00,2020-07-26
Mon Jul 27 20:48:56 +0000 2020,"للاسف أنها ما عم توقف ولا باي مكان وما حد عم يشوف الموضوع مهم...
للاسف لساتنا بنشوف ناس بتبرر لهاي الجرائم وبتسأل ليش هيك عمل اكيد عملت شي غلط...
للاسف انا رح احكي هالكلام وانا كلي حزن وفي حد رح يقرأ ويحكي مالها بتبالغ...
#صرخات_النساء 
#صرخات_احلام 
تعددت الأجساد والجرح واحد💔",https://twitter.com/da_n_yeah,https://twitter.com/da_n_yeah/status/1287852496468226048,2025-04-08T12:22:31.500Z,#صرخات_احلام,2020-07-27 20:48:56+00:00,2020-07-27
Sun Jul 26 19:33:47 +0000 2020,"في أميركا، كيف تعرف أن شخصا ما في نفسه عنصرية دفينة؟ حين يرفع الناس شعار 
Black Lives Matter
يرفع شعارات أخرى للفت الانتباه عن موضوع الساعة. كذلك الكارهون للمرأة في العالم العربي 
#صرخات_الأردنيات
#وقفة_للنساء
#صرخات_احلام",https://twitter.com/LinaTaghreed,https://twitter.com/LinaTaghreed/status/1287471195353493504,2025-04-08T12:22:31.500Z,#صرخات_احلام,2020-07-26 19:33:47+00:00,2020-07-26
Thu Jul 23 11:17:02 +0000 2020,"A year after the ""honour killing"" of Israa Ghrayeb, from Beit Sahour (east of Bethlehem) Many compared her death to a new Murder, of Ahlam (30) last Friday killed by her own father who sat next to her body drank tea and smoked a cigarette. #صرخات_احلام #صرخة_احلام 
#HumanRights https://t.co/mL2fxfuuQH",https://twitter.com/aravimislam,https://twitter.com/aravimislam/status/1286259017837432839,2025-04-08T12:22:31.500Z,#صرخات_احلام,2020-07-23 11:17:02+00:00,2020-07-23
Sun Jul 26 09:39:49 +0000 2020,"""Edo gizonak konpontzen ditugu edo emakumeak armatzen ditugu""
Milaka lagun elkartu ziren (emakumeak buruan) aste honetan Jordaniako kaleetan, 30 urteko #Ahlam-en ""ohore krimena"" salatzeko.
#صرخات_احلام 
#JusticeforAhlam",https://twitter.com/yaskmaansri,https://twitter.com/yaskmaansri/status/1287321716734205957,2025-04-08T12:22:31.500Z,#صرخات_احلام,2020-07-26 09:39:49+00:00,2020-07-26
Thu Jul 23 14:54:27 +0000 2020,"صرخة احلام

اذا لم توقظ هذه الجريمة البشعة والنكراء انسانيتنا من يوقظها؟ مجتمع يتعامل مع المرأة بهذه القسوة وبهذا التواطؤ  لن ينهض ولن يدافع عن نفسه امام العنف البنيوي الذي يمارس على الذكور قبل الاناث من قبل المؤسسات. كما الحرية لا يمكن تجزئتها وكذلك العبودية.#صرخات_احلام",https://twitter.com/barari_hassan,https://twitter.com/barari_hassan/status/1286313734055616514,2025-04-08T12:22:31.500Z,#صرخات_احلام,2020-07-23 14:54:27+00:00,2020-07-23
Thu Jun 17 14:49:03 +0000 2021,"عام 2020 قتلت في الاردن 17 امرأة على يد احد افراد الاسرة اما اب او زوج او اخ ...
17 ضحية ولم يتغير القانون لحماية المرأة ...
وما يزال الحبل عالجرار ...كم امراة تتعرض للتعنيف والضرب والتنكيل ولا أحد يجرؤ على الشكوى ...
#رانيا_العبادي
#صرخات_احلام",https://twitter.com/hana_ali97,https://twitter.com/hana_ali97/status/1405537984129093649,2025-04-08T12:22:31.500Z,#صرخات_احلام,2021-06-17 14:49:03+00:00,2021-06-17
Wed Jul 22 19:47:19 +0000 2020,"""الكرة اليوم بملعب القانون وبخانة إسقاط الحق الشخصي من قانون الأحوال الشخصية، اللي بتقدم طبق ذهب لكل معنف بقتل بنته أو زوجته!""

#أوقفوا_قتل_النساء 
#صرخات_الأردنيات
#صرخات_أحلام https://t.co/0irMzqXe8k",https://twitter.com/Raseef22,https://twitter.com/Raseef22/status/1286025047811985408,2025-04-08T12:22:31.500Z,#صرخات_احلام,2020-07-22 19:47:19+00:00,2020-07-22
Sat Aug 07 13:13:34 +0000 2021,"#القصاص_من_قاتل_روان  
#فتاة_حسكه 
#القصاص_للدكتوره_ياسمين 
#اسراء_غريب 
#القصاص_من_قاتل_شادية 
#صرخات_أحلام 
والقائمة تطول.. والسؤال إلى متى؟ 

بدون ثقافة سليمة، دولة منصفة عادلة وبيئة ترفض العنف وتنبذه بأعلى المستويات لن نصل إلى مرحلة تعيش فيها النساء بأمان حتى في بيوتهن!",https://twitter.com/SarahTpj,https://twitter.com/SarahTpj/status/1423995734794330112,2025-04-08T12:22:31.500Z,#صرخات_احلام,2021-08-07 13:13:34+00:00,2021-08-07
Thu Jul 23 18:08:20 +0000 2020,"My latest in-depth piece on the recent murder of Ahlam in Jordan and the urgent need for tougher penalties for men who murder their female relatives in the name of honour for @The_NewArab #صرخات_احلام #اوقفو_قتل_النساء #صرخات_النساء 

https://t.co/4P48pzRm4d",https://twitter.com/UNDERYOURABAYA,https://twitter.com/UNDERYOURABAYA/status/1286362524837908480,2025-04-08T12:22:31.500Z,#صرخات_احلام,2020-07-23 18:08:20+00:00,2020-07-23
Thu Jul 23 19:30:34 +0000 2020,"بعرف انه أغلبكم غير مهتم بالمظاهرات لأنكم الحمدالله عايشين ضمن عائلات طبيعية لكن في الواقع في نساء قاعدة عم تسمع عن هالمظاهرات والحراك الي قاعد يصير وعم يتمنوا من كل قلبهم انكم تعملوا تغيير حقيقي عشان يقدروا يكملوا حياتهم ويعيشوا حياة طبيعية.

 #صرخات_احلام
#صرخات_الأردنيات",https://twitter.com/YazanShawish,https://twitter.com/YazanShawish/status/1286383220527960064,2025-04-08T12:22:31.500Z,#صرخات_احلام,2020-07-23 19:30:34+00:00,2020-07-23
Sat Jul 25 08:32:50 +0000 2020,#صرخات_احلام قلبي على وجع النساء!,https://twitter.com/nusaibah_A,https://twitter.com/nusaibah_A/status/1286942475228250112,2025-04-08T12:22:31.500Z,#صرخات_احلام,2020-07-25 08:32:50+00:00,2020-07-25
Fri Jul 24 09:26:33 +0000 2020,"Please read &amp; share my article &amp; raise awareness about the murder of Ahlam by her father as activists in Jordan are working hard to make sure men who murder in the name of “honour” receive tougher penalties, not reduced sentences 

#صرخات_احلام #اوقفوا_قتل_النساء #صرخات_النساء",https://twitter.com/UNDERYOURABAYA,https://twitter.com/UNDERYOURABAYA/status/1286593605336006656,2025-04-08T12:22:31.500Z,#صرخات_احلام,2020-07-24 09:26:33+00:00,2020-07-24
Fri Jul 24 13:49:36 +0000 2020,"""ماتت ودفنت لوحدها . لم نعرف حتى شكلها "". 
ستصبح قصة مثل #اسراء_غريب #مادلين_جرابعة #نورا_السعيد .  #صرخات_احلام",https://twitter.com/bataleh,https://twitter.com/bataleh/status/1286659801410404352,2025-04-08T12:22:33.977Z,#صرخات_احلام,2020-07-24 13:49:36+00:00,2020-07-24
Sat Jul 18 13:09:11 +0000 2020,#صرخات_أحلام,https://twitter.com/hazarwlabgad,https://twitter.com/hazarwlabgad/status/1284475304698884096,2025-04-08T12:22:33.977Z,#صرخات_احلام,2020-07-18 13:09:11+00:00,2020-07-18
Thu Jul 30 07:37:42 +0000 2020,"كل اعلاميين القنوات الاردنية بتحججوا بمنع النشر مع انهم وقت #صرخات_احلام كلهم تكلمو بالموضوع بعد اعلان منع النشر ! 

بس الساقط ساقط. 

#مع_المعلم 
#نقابة_الشعب 
#نقابة_الوطن",https://twitter.com/Mosescreates,https://twitter.com/Mosescreates/status/1288740538431266817,2025-04-08T12:22:33.977Z,#صرخات_احلام,2020-07-30 07:37:42+00:00,2020-07-30
Thu Jul 23 07:04:37 +0000 2020,"#حقيقة هيك الطبيعي والغالبية #الأب بحياتناهو الامان هو اول حب بحياة ابنتة الأب حين يطلب منه نجمة فتأكد أنه سيرجع وهو معه السماء ونجومها لابنتة #صرخات_احلام صدمتنا واوجعت قلوبنا كتير وما بدنا تكرر باي شكل
 بس بعض الشعارات يلي شفناها فيها  اساءه ل الآباء الطبيعين وظلم وهالشي مرفوض",https://twitter.com/Dinamisto,https://twitter.com/Dinamisto/status/1286195498530025472,2025-04-08T12:22:33.977Z,#صرخات_احلام,2020-07-23 07:04:37+00:00,2020-07-23
Sat Jul 18 04:14:52 +0000 2020,"#صرخات_احلام كل يوم جريمة مفجعة.
ما عندي الجرأة أفتح الفيديو حرقتوا قلوبنا يلعنكوا الواحد بيفكر حاله بطل ينصدم بس مع كل جريمة نفس الوجع بتفاصيل مختلفة",https://twitter.com/fidaazaanin,https://twitter.com/fidaazaanin/status/1284340839750275074,2025-04-08T12:22:33.977Z,#صرخات_احلام,2020-07-18 04:14:52+00:00,2020-07-18
Thu Mar 18 09:30:13 +0000 2021,#قتل_النساء #صرخات_احلام 🔴 💔 الي متى؟؟؟ 😬 #womanabuse #العنف_الاسري #الأردن,https://twitter.com/MajidaHAshour,https://twitter.com/MajidaHAshour/status/1372480452276150273,2025-04-08T12:22:33.977Z,#صرخات_احلام,2021-03-18 09:30:13+00:00,2021-03-18
Thu Jul 23 08:44:03 +0000 2020,"#حقيقه
 #عالجوهم
حرفيا #بيحزنو البعض مماحمل شعارات فيهااساءةلدور الاب الطبيعي 
لانهم موجودين بمجتمعنا فيدالمساعدةلهم ضروره هؤلاء بدهم احتواءبدنا #اخصائيين يتابعوهم ليعرفو شو وجعهم هل قلة #وعي لانهم حافظين ومو فاهمين او #صرخات_احلام ذكرتهم بوضع غيرصحي مع اباؤهم #صرخات_الاردنيات",https://twitter.com/Dinamisto,https://twitter.com/Dinamisto/status/1286220519923232768,2025-04-08T12:22:33.977Z,#صرخات_احلام,2020-07-23 08:44:03+00:00,2020-07-23
Thu Jul 23 09:45:09 +0000 2020,"#صرخات_أحلام: انتفاضة في #الأردن في وجه #العنف_ضد_المرأة 
https://t.co/9qQezAV7FS",https://twitter.com/BBCArabic,https://twitter.com/BBCArabic/status/1286235898611474432,2025-04-08T12:22:33.977Z,#صرخات_احلام,2020-07-23 09:45:09+00:00,2020-07-23
Mon Mar 08 08:05:29 +0000 2021,#أنا_امرأة_في_الأردن #صرخات_احلام 🔴 💔 #يوم_المراه_العالمي #WomensDay,https://twitter.com/MajidaHAshour,https://twitter.com/MajidaHAshour/status/1368835246289022976,2025-04-08T12:22:33.977Z,#صرخات_احلام,2021-03-08 08:05:29+00:00,2021-03-08
Sat Jun 19 05:29:55 +0000 2021,"اقدر  ان  تلث النساء ""ناجيات"" من العنف ولو انها النسبه اكبر من هيك بس خلينا بالعنف الجسدي #الأردن #صرخات_احلام #رانيا_العبادي #صباح_الخير",https://twitter.com/MajidaHAshour,https://twitter.com/MajidaHAshour/status/1406122047768563717,2025-04-08T12:22:33.977Z,#صرخات_احلام,2021-06-19 05:29:55+00:00,2021-06-19
Fri Jul 24 08:38:23 +0000 2020,"Video of a woman screaming for help while being beaten to death with a brick by her father and brothers in a ""honor killing"" in Jordan has sparked outrage across social media and among Jordanian activists. 

#JusticeforAhlam  #صرخات_احلام 

https://t.co/93td3zV3nP",https://twitter.com/NatashaFatah,https://twitter.com/NatashaFatah/status/1286581480785936386,2025-04-08T12:22:33.977Z,#صرخات_احلام,2020-07-24 08:38:23+00:00,2020-07-24
Sat Jul 18 20:35:02 +0000 2020,"Horrific. Ahlam's father then allegedly chased her with a brick and beat her until she died. Witnesses added that he smoked a cigarette and drank tea next to her corpse afterwards #صرخات_أحلام
https://t.co/BTbEvtQtfm",https://twitter.com/The_NewArab,https://twitter.com/The_NewArab/status/1284587504839131137,2025-04-08T12:22:33.977Z,#صرخات_احلام,2020-07-18 20:35:02+00:00,2020-07-18
Sat Jul 18 03:56:42 +0000 2020,"يا وجع القلب #صرخات_احلام 
الواحد بطل عارف شو يكتب شو يحكي ومين يرثي وجع وقهر كبير",https://twitter.com/fidaazaanin,https://twitter.com/fidaazaanin/status/1284336267900190722,2025-04-08T12:22:33.977Z,#صرخات_احلام,2020-07-18 03:56:42+00:00,2020-07-18
Thu Mar 04 07:47:44 +0000 2021,#WomensDay #جرائ_قتل_النساء #Femicide  #womensday2021 #WomanUP #صباح_الخير #صرخات_احلام,https://twitter.com/MajidaHAshour,https://twitter.com/MajidaHAshour/status/1367381228647837696,2025-04-08T12:22:33.977Z,#صرخات_احلام,2021-03-04 07:47:44+00:00,2021-03-04
Sat Aug 01 10:14:22 +0000 2020,"١٣ جريمة قتل ""عائلية"" استهدفت نساء منذ بدء ٢٠٢٠ في الأردن! 

أبرزها:
•أب يقتل ابنته #صرخات_احلام 
•ابن يطعن امه ٣٠ طعنه
•اخ يقتل شقيقاته الثلاث

والقصص مروعة... لا بد من حل سريع!",https://twitter.com/AmmarHendi,https://twitter.com/AmmarHendi/status/1289504740380942336,2025-04-08T12:22:33.977Z,#صرخات_احلام,2020-08-01 10:14:22+00:00,2020-08-01
Sun Jul 19 06:35:01 +0000 2020,"Heartbreaking.

Ahlam's father allegedly chased her with a brick and beat her until she died. Witnesses added that he smoked a cigarette and drank tea next to her corpse afterwards #صرخات_أحلام
https://t.co/BTbEvtQtfm",https://twitter.com/The_NewArab,https://twitter.com/The_NewArab/status/1284738497778257920,2025-04-08T12:22:33.977Z,#صرخات_احلام,2020-07-19 06:35:01+00:00,2020-07-19
Fri Jul 24 03:36:16 +0000 2020,"Latest ‘honour killing’ sparks protest, fuels call for change

👉 https://t.co/jPCN3uIckf

#jordan #صرخات_الاردنيات #صرخات_احلام https://t.co/y1aKHknzAW",https://twitter.com/SaddamSayyaleh,https://twitter.com/SaddamSayyaleh/status/1286505450842853377,2025-04-08T12:22:33.977Z,#صرخات_احلام,2020-07-24 03:36:16+00:00,2020-07-24
Thu Jul 23 12:16:15 +0000 2020,"كل ما يتم الهجوم على سيداو وتزييف نصوصها اعيد قراءتها بتمعن، وكل مرة اخرج بنفس النتيجة ان معظم من يهاجم سيداو لم يقرأ نصوصها وتناقل المعلومات غير الصحيحة عن غيره
 للعلم الاردن تحفظ على المادتين ٩ المتعلقة بالجنسية و ١٦ المتعلقة بالزواج
#صرخات_احلام 
#صرخات_الاردنيات",https://twitter.com/HaddadinSamar,https://twitter.com/HaddadinSamar/status/1286273920518311942,2025-04-08T12:22:33.977Z,#صرخات_احلام,2020-07-23 12:16:15+00:00,2020-07-23
Tue Aug 18 04:24:51 +0000 2020,"صباح الخير على الجميع حياكم الله على الواتساب لاستقبال طلباتكم و استفساراتكم جميعها 0501554096
#صرخات_احلام
#نور_الفيصل
#البحر_للجميع
#هند_القحطاني_تغازل_اللورد
#رفيق_الحريري
#تايلور_في_السعوديه_مطلب
#صباح_الخير",https://twitter.com/kh_um_muhammed,https://twitter.com/kh_um_muhammed/status/1295577376605249537,2025-04-08T12:22:33.977Z,#صرخات_احلام,2020-08-18 04:24:51+00:00,2020-08-18
Thu Jul 23 23:54:11 +0000 2020,"لفت انتباهي   

ات كثير من الشخصيات  الإعلامية  الأردنية 
كتبت  عن اسراء الغريب  

اعملوا  جولات في حسابات  المذيغين  ومقدمين  البرامج  خلو عندكم رؤيا بعيدة للمواضيع  

لكنها  لم تكتب  عن #صرخات_احلام 

خلوكم  من  القوانين   مع أو ضد 

#الاردن",https://twitter.com/madallh_skaren,https://twitter.com/madallh_skaren/status/1286449561226051584,2025-04-08T12:22:33.977Z,#صرخات_احلام,2020-07-23 23:54:11+00:00,2020-07-23
Sat Jul 18 04:23:53 +0000 2020,"هالحكي بيختصر كل شئ بس نحكي المنظومة كاملة بتقتل النساء.
دم أحلام على إيدهم كلهم #صرخات_أحلام",https://twitter.com/fidaazaanin,https://twitter.com/fidaazaanin/status/1284343108126281728,2025-04-08T12:22:36.390Z,#صرخات_احلام,2020-07-18 04:23:53+00:00,2020-07-18
Thu Jul 23 13:03:12 +0000 2020,#صرخات_أحلام تنكأ جراح النساء .. وقفة احتجاجية في #الأردن ومطالبات بتعديل القوانين والتشريعات https://t.co/hoxsOSOZPg #العربية,https://twitter.com/AlArabiya,https://twitter.com/AlArabiya/status/1286285737915297794,2025-04-08T12:22:36.390Z,#صرخات_احلام,2020-07-23 13:03:12+00:00,2020-07-23
Thu Jul 23 19:19:36 +0000 2020,"Jordanian women have been protesting for a while, for their own rights and in #solidarity with other #Arab women. Sad that yesterday was so shocking to some when the women's movement in #Jordan has such a long #HISTORY Let's teach some #HISTORY to fix this. #صرخات_أحلام",https://twitter.com/KarimanMango,https://twitter.com/KarimanMango/status/1286380460906631173,2025-04-08T12:22:36.390Z,#صرخات_احلام,2020-07-23 19:19:36+00:00,2020-07-23
Thu Oct 08 07:17:07 +0000 2020,"لا نسمع #صرخات_أحلام ، ولا نسمع #صوت_أحلام .. وكل ما يقال بانه ديموقراطية أضغاث أحلام..

#عرين_القاضي #أحلام_التميمي_صوتك_عالي #أحلام_التميمي #صرخات_احلام",https://twitter.com/areenalqadi89,https://twitter.com/areenalqadi89/status/1314102508164349953,2025-04-08T12:22:36.390Z,#صرخات_احلام,2020-10-08 07:17:07+00:00,2020-10-08
Wed Jul 22 17:54:20 +0000 2020,هسا هاد دفاعكم عن قضية احلام؟ يلعنكم ما اوسخكم كيف استغليتوا قضية المغدوره احلام واستغليتوا ثورة #صرخات_احلام  عشان تبثوا سمومكم الوسخه 🤮,https://twitter.com/fatsobatynatso,https://twitter.com/fatsobatynatso/status/1285996617506725894,2025-04-08T12:22:36.390Z,#صرخات_احلام,2020-07-22 17:54:20+00:00,2020-07-22
Tue Jul 28 15:58:53 +0000 2020,"After woman's brutal killing by her father, #Jordan asks at what price 'honor'? #صرخات_احلام https://t.co/OSdOTpYlHo",https://twitter.com/nabihbulos,https://twitter.com/nabihbulos/status/1288141890588737538,2025-04-08T12:22:36.390Z,#صرخات_احلام,2020-07-28 15:58:53+00:00,2020-07-28
Mon Aug 10 06:49:16 +0000 2020,"وخلي الجحوش اللي عنا يفهموا هالحكي
#صرخات_احلام #صرخات_الاردنيات #صرخات #الاردن",https://twitter.com/othoth,https://twitter.com/othoth/status/1292714616867479552,2025-04-08T12:22:36.390Z,#صرخات_احلام,2020-08-10 06:49:16+00:00,2020-08-10
Sun Jan 31 06:57:29 +0000 2021,"جريمتا عنف أسري انتهت واحدة بوفاة شابة ضربا وأخرى ما تزال تعيش على أجهزة التنفس الاصطناعي
 أبرز ما يميز هاتين الجريمتين هو ظهورهما في البداية كأنها وفاة طبيعية أو حادث عرضي ليتبين لاحقا انها جريمة
#طفح_الكيل
#بنت_مستشفى_الجامعة 
#جريمة_ماركا 
#صرخات_احلام
#عيون_فاطمة",https://twitter.com/nadinenimri,https://twitter.com/nadinenimri/status/1355772173902868483,2025-04-08T12:22:36.390Z,#صرخات_احلام,2021-01-31 06:57:29+00:00,2021-01-31
Fri Jul 24 03:45:14 +0000 2020,"هل تذكرون هذا التاق #صرخات_احلام
اتضح ان الفتاة كانت نصرانية
ودخلت في دين الإسلام .. فقتلها أبوها
بل ويشرب الشاي عند جثتها !!
وقبلها #بتول_حداد اسلمت فقتلها أبوها

لذلك تراجعت النسويات عن نصرتها
ولم يتحدث الليبراليين عن تطرف النصارى !!

رحم الله اختنا أحلام وأختنا بتول ..",https://twitter.com/twhedsnh,https://twitter.com/twhedsnh/status/1286507707487473667,2025-04-08T12:22:36.390Z,#صرخات_احلام,2020-07-24 03:45:14+00:00,2020-07-24
Wed Jul 29 16:36:21 +0000 2020,"باز هم قتل یک دختر به دست پدرش. این بار در اردن و اعتراضات وسیع.
#صرخات_اردنيات 
#صرخات_احلام 
#اوقفوا_قتل_النساء
#قتل_ناموسی",https://twitter.com/avayezan,https://twitter.com/avayezan/status/1288513705622351874,2025-04-08T12:22:36.390Z,#صرخات_احلام,2020-07-29 16:36:21+00:00,2020-07-29
Fri Jul 31 14:55:05 +0000 2020,"تشاهدون على الرابط أدناه حلقة خاصة من برنامج #هي_الحدث عن قتل النساء على خلفية جريمة #الأردن الأخيرة
#صرخات_احلام
#صرخات_الاردنيات
#صرخة_احلام
#هي24
#ممنوع24 
#صرخات_النساء
@SocietyF24
@France24_ar
@ThameenKh
https://t.co/FGT7oBerl5",https://twitter.com/mayssalounF24,https://twitter.com/mayssalounF24/status/1289212997919838209,2025-04-08T12:22:36.390Z,#صرخات_احلام,2020-07-31 14:55:05+00:00,2020-07-31
Fri Jul 31 19:03:26 +0000 2020,"وبعدها #صرخات_احلام ما خفتت!

جريمة جديدة بحق النساء في أول أيام العيد في #الأردن 

#صرخات_النساء",https://twitter.com/Falasteenih,https://twitter.com/Falasteenih/status/1289275496476286976,2025-04-08T12:22:36.390Z,#صرخات_احلام,2020-07-31 19:03:26+00:00,2020-07-31
Sat Jul 25 04:59:43 +0000 2020,"غيرة الرجل من المرأة

#وقفة_للنساء #معنفة_جدة_ليلى #صار_الوقت_تتحاسب #صرخات_احلام #صرخات_اردنيات #صرخات_النساء #صرخات_الأردنيات #اوقفوا_قتل_النساء #اوقفو_التنمر #StopHateForProfit #الحياه_تتحب_لو #stop_killing_women #العنف_ضد_المراه #معنفات 
#سارة_السهيل 
https://t.co/3lBPhSJBy2",https://twitter.com/Sarah_alsouhail,https://twitter.com/Sarah_alsouhail/status/1286888838825156609,2025-04-08T12:22:36.390Z,#صرخات_احلام,2020-07-25 04:59:43+00:00,2020-07-25
Wed Jun 16 20:38:43 +0000 2021,"من صرخات أحلام لإسراء غريب لفتاة الجامعة الاردنية وصولا إلى #رانيا_العبادي.. كم مزيداً من النساء يجب أن تقتل كي نضع قانون رادع للجرائم؟؟
#اسراء_غريب #فتاة_الجامعة_الاردنية #صرخات_احلام",https://twitter.com/sally_shakkour,https://twitter.com/sally_shakkour/status/1405263593235521541,2025-04-08T12:22:36.390Z,#صرخات_احلام,2021-06-16 20:38:43+00:00,2021-06-16
Fri Jul 31 20:01:08 +0000 2020,"خلاف بين أخوين يودي بحياة 3 شقيقات تلقين الطلقات النارية

https://t.co/EpdnuW61yq
#صرخات_احلام  #الأردن",https://twitter.com/Falasteenih,https://twitter.com/Falasteenih/status/1289290016900788224,2025-04-08T12:22:36.390Z,#صرخات_احلام,2020-07-31 20:01:08+00:00,2020-07-31
Sun Sep 27 07:50:29 +0000 2020,"امتلك شقتك علي شارع البوليفارد في #دبي #داون_تاون مع إطلالة مباشرة على #برج_خليفة
#عرض_لفترة_محدودة دفعة أولى 1450,000 درهم فقط 
تقسيط حتي 5 سنوات 

عدد الشقق المتوفرة محدود

حسام الزيات /
00971544074560

#صرخات_احلام
#كلمه_لحب_عمرك
#محمد_ https://t.co/IVRVzmj29b",https://twitter.com/dubai_reality,https://twitter.com/dubai_reality/status/1310124640728223744,2025-04-08T12:22:36.390Z,#صرخات_احلام,2020-09-27 07:50:29+00:00,2020-09-27
Tue Aug 04 07:23:25 +0000 2020,"#عاجل|1500 جريمة مخلة بالأخلاق والآداب العامة ارتكبت في الأردن عام 2019
#الأردن #جريمة #صرخات_احلام #صرخات_الاردنيات #قتل #اغتصاب #رؤيا_الاخباري #الأمن_العام 
https://t.co/EEqOl3WGfL",https://twitter.com/RoyaNews,https://twitter.com/RoyaNews/status/1290548884272566273,2025-04-08T12:22:36.390Z,#صرخات_احلام,2020-08-04 07:23:25+00:00,2020-08-04
Sat Jan 16 21:02:54 +0000 2021,"حتى لا ننسى #شهيدات_الغدر_الذكوري 
#حق_مريم_الجوراني 
#ملاك_حيدر_الزبيدي 
#اسراء_غريب 
#العدالة_لإصباح 
#حق_اروى_الصانع 
#خضراء_الحويطي
#عزيزة_العمراني
#صرخات_احلام
#وفاء_مصاروة
#بشرى_محجب
#مادلين_جرابعة
#خلود_فايع_عسيري
#الطفلة_اليمنية_مآب
#فرح_الخضر 
. . .",https://twitter.com/I_m0nZ,https://twitter.com/I_m0nZ/status/1350549108067610624,2025-04-08T12:22:36.390Z,#صرخات_احلام,2021-01-16 21:02:54+00:00,2021-01-16
Sun Jul 26 13:53:11 +0000 2020,"بما انه وكالات الأخبار المبجلة ملتهية بقصص أهم، متل شخصية ""مؤثرة"" وحياتها ""الشخصية""، ما ننسى #صرخات_أحلام #صرخات_اردنيات #مع_المعلم",https://twitter.com/GhiyaRushidat,https://twitter.com/GhiyaRushidat/status/1287385479642591232,2025-04-08T12:22:36.390Z,#صرخات_احلام,2020-07-26 13:53:11+00:00,2020-07-26
Thu Jul 30 16:52:00 +0000 2020,لسى #صرخات_احلام باذانيه و هلىء تعنيف وقتل ام على يد ابنها... لا تقولولي جرايم شرف و بطيخ اصفر جريمة قتل يعني جريمة. المجرم يعدم مهما كان... قتل نفس خلقها ربنا يعني انت قصاصك يالدنيا الاعدام و نار جهنم ناطرتك على شوق يا #مجرم  https://t.co/UycJ6re0l5,https://twitter.com/joannasaket,https://twitter.com/joannasaket/status/1288880033755475970,2025-04-08T12:22:36.390Z,#صرخات_احلام,2020-07-30 16:52:00+00:00,2020-07-30
